Workbook
Name Slicer_Age_Group: #N/A
Name Slicer_Diagnosis: #N/A
Name Slicer_Visit_Date__Year: #N/A

Sheet Diagnosis_dataset 
A1: Patient_ID | B1: Age | C1: Age_Group | D1: Gender | E1: Diagnosis | F1: Visit_Date | G1: Treatment_Cost | H1: Length_of_Stay_Days
A2: 176 | B2: 77 | C2: =IF(B2<=30,"Young", IF(B2<=55,"Middle Age",IF(B2>55,"Old","Not found"))) -> Old | D2: Female | E2: Diabetes | F2: 45090 | G2: 25279.02 | H2: 7
A3: 197 | B3: 60 | C3: =IF(B3<=30,"Young", IF(B3<=55,"Middle Age",IF(B3>55,"Old","Not found"))) -> Old | D3: Female | E3: Malaria | F3: 45060 | G3: 65816.89 | H3: 1
A4: 26 | B4: 73 | C4: =IF(B4<=30,"Young", IF(B4<=55,"Middle Age",IF(B4>55,"Old","Not found"))) -> Old | D4: Male | E4: Flu | F4: 45240 | G4: 8997.62 | H4: 16
A5: 68 | B5: 90 | C5: =IF(B5<=30,"Young", IF(B5<=55,"Middle Age",IF(B5>55,"Old","Not found"))) -> Old | D5: Male | E5: Asthma | F5: 45233 | G5: 86222.3 | H5: 26
A6: 212 | B6: 56 | C6: =IF(B6<=30,"Young", IF(B6<=55,"Middle Age",IF(B6>55,"Old","Not found"))) -> Old | D6: Male | E6: Malaria | F6: 45094 | G6: 43496.02 | H6: 29
A7: 408 | B7: 90 | C7: =IF(B7<=30,"Young", IF(B7<=55,"Middle Age",IF(B7>55,"Old","Not found"))) -> Old | D7: Female | E7: Diabetes | F7: 45178 | G7: 98660.34 | H7: 19
A8: 104 | B8: 83 | C8: =IF(B8<=30,"Young", IF(B8<=55,"Middle Age",IF(B8>55,"Old","Not found"))) -> Old | D8: Female | E8: Malaria | F8: 44952 | G8: 68115.3 | H8: 21
A9: 349 | B9: 64 | C9: =IF(B9<=30,"Young", IF(B9<=55,"Middle Age",IF(B9>55,"Old","Not found"))) -> Old | D9: Female | E9: Hypertension | F9: 45180 | G9: 11039.7 | H9: 4
A10: 399 | B10: 27 | C10: =IF(B10<=30,"Young", IF(B10<=55,"Middle Age",IF(B10>55,"Old","Not found"))) -> Young | D10: Female | E10: Flu | F10: 45247 | G10: 56791.81 | H10: 18
A11: 24 | B11: 63 | C11: =IF(B11<=30,"Young", IF(B11<=55,"Middle Age",IF(B11>55,"Old","Not found"))) -> Old | D11: Male | E11: Asthma | F11: 45201 | G11: 31748.23 | H11: 27
A12: 73 | B12: 23 | C12: =IF(B12<=30,"Young", IF(B12<=55,"Middle Age",IF(B12>55,"Old","Not found"))) -> Young | D12: Male | E12: Hypertension | F12: 45301 | G12: 15375.5 | H12: 20
A13: 346 | B13: 58 | C13: =IF(B13<=30,"Young", IF(B13<=55,"Middle Age",IF(B13>55,"Old","Not found"))) -> Old | D13: Female | E13: Malaria | F13: 44983 | G13: 88978.79 | H13: 11
... A1588: 213 | B1588: 27 | C1588: =IF(B1588<=30,"Young", IF(B1588<=55,"Middle Age",IF(B1588>55,"Old","Not found"))) -> Young | D1588: Male | E1588: Flu | F1588: 45102 | G1588: 347.5 | H1588: 27

Sheet Report
A17: Measure 1 | B17: Count of Diagnosis
A18: 256 | B18: 341
A21: Row Labels | B21: Average of Length_of_Stay_Days
A22: Diabetes | B22: 13.806452 | E22: =A22 -> Diabetes | F22: =B22 -> 13.806452
A23: Grand Total | B23: 13.806452 | E23: =A23 -> Grand Total | F23: =B23 -> 13.806452
E24: =A24 -> 0 | F24: =B24 -> 0
E25: =A25 -> 0 | F25: =B25 -> 0
E26: =A26 -> 0 | F26: =B26 -> 0
A30: Visit_Date (Year) | B30: Average of Treatment_Cost
A31: 2023 | B31: 50441.5 | D31: =A31 -> 2023 | E31: =B31 -> 50441.5
A32: 2024 | B32: 50868.722 | D32: =A32 -> 2024 | E32: =B32 -> 50868.722
A33: Grand Total | B33: 50479.086
A36: Age_Group | B36: Count of Diagnosis
A37: Middle Age | B37: 76
A38: Old | B38: 165
A39: Young | B39: 100
A40: Grand Total | B40: 341
A43: Visit_Date (Year) | B43: Sum of Treatment_Cost
A44: 2023 | B44: 15687306
A45: 2024 | B45: 1526061.7
A46: Grand Total | B46: 17213368
A49: Gender | B49: Count of Diagnosis
A50: Female | B50: 165
A51: Male | B51: 176
A52: Grand Total | B52: 341

Sheet Dashboard
D5: Yearly Average Treatment Cost | K5: Avg Stay Days
D6: Year | G6: Treatment Cost | K6: Diagnosis | M6: Days
D7: =Report!D31 -> 2023 | G7: =Report!E31 -> 50441.5 | K7: =Report!E22 -> Diabetes | M7: =Report!F22 -> 13.806452
K8: =Report!E23 -> Grand Total | M8: =Report!F23 -> 13.806452
K9: =Report!E24 -> 0 | M9: =Report!F24 -> 0
D10: =Report!D32 -> 2024 | G10: =Report!E32 -> 50868.722 | K10: =Report!E25 -> 0 | M10: =Report!F25 -> 0
K11: =Report!E26 -> 0 | M11: =Report!F26 -> 0
B14: Total Diagnosis By Gender | F14: Total Yearly Revenue | K14: Total Diagnosis By Age Group
